1A-FE-34-9A-C3-81,1AFE349AC381,18-FE-34-9A-C3-81,18FE349AC381
1A-FE-34-9A-C3-81,1AFE349AC381,18-FE-34-9A-C3-81,18FE349AC381
1A-FE-34-9A-C3-81,1AFE349AC381,18-FE-34-9A-C3-81,18FE349AC381
1A-FE-34-12-0F-DC,1AFE34120FDC,18-FE-34-12-0F-DC,18FE34120FDC
1A-FE-34-12-10-02,1AFE34121002,18-FE-34-12-10-02,18FE34121002
1A-FE-34-FD-A6-0A,1AFE34FDA60A,18-FE-34-FD-A6-0A,18FE34FDA60A
1A-FE-34-FD-A6-60,1AFE34FDA660,18-FE-34-FD-A6-60,18FE34FDA660
1A-FE-34-FD-A6-23,1AFE34FDA623,18-FE-34-FD-A6-23,18FE34FDA623
1A-FE-34-FD-A6-60,1AFE34FDA660,18-FE-34-FD-A6-60,18FE34FDA660
1A-FE-34-FD-A5-DB,1AFE34FDA5DB,18-FE-34-FD-A5-DB,18FE34FDA5DB
1A-FE-34-12-0F-BD,1AFE34120FBD,18-FE-34-12-0F-BD,18FE34120FBD
1A-FE-34-FD-A6-5D,1AFE34FDA65D,18-FE-34-FD-A6-5D,18FE34FDA65D
1A-FE-34-FD-A6-23,1AFE34FDA623,18-FE-34-FD-A6-23,18FE34FDA623
1A-FE-34-FD-A6-23,1AFE34FDA623,18-FE-34-FD-A6-23,18FE34FDA623
1A-FE-34-12-0F-DC,1AFE34120FDC,18-FE-34-12-0F-DC,18FE34120FDC
1A-FE-34-12-0F-DF,1AFE34120FDF,18-FE-34-12-0F-DF,18FE34120FDF
1A-FE-34-12-0F-DF,1AFE34120FDF,18-FE-34-12-0F-DF,18FE34120FDF
1A-FE-34-12-0C-D2,1AFE34120CD2,18-FE-34-12-0C-D2,18FE34120CD2
1A-FE-34-FD-A8-95,1AFE34FDA895,18-FE-34-FD-A8-95,18FE34FDA895
1A-FE-34-FD-A8-95,1AFE34FDA895,18-FE-34-FD-A8-95,18FE34FDA895
1A-FE-34-FD-A8-95,1AFE34FDA895,18-FE-34-FD-A8-95,18FE34FDA895
1A-FE-34-12-0C-9D,1AFE34120C9D,18-FE-34-12-0C-9D,18FE34120C9D
1A-FE-34-12-0C-D2,1AFE34120CD2,18-FE-34-12-0C-D2,18FE34120CD2
1A-FE-34-FD-A7-6A,1AFE34FDA76A,18-FE-34-FD-A7-6A,18FE34FDA76A
1A-FE-34-FD-A7-70,1AFE34FDA770,18-FE-34-FD-A7-70,18FE34FDA770
1A-FE-34-12-0C-31,1AFE34120C31,18-FE-34-12-0C-31,18FE34120C31
1A-FE-34-FD-A8-68,1AFE34FDA868,18-FE-34-FD-A8-68,18FE34FDA868
1A-FE-34-12-0F-4C,1AFE34120F4C,18-FE-34-12-0F-4C,18FE34120F4C
1A-FE-34-12-0E-B2,1AFE34120EB2,18-FE-34-12-0E-B2,18FE34120EB2
1A-FE-34-12-0F-4C,1AFE34120F4C,18-FE-34-12-0F-4C,18FE34120F4C
1A-FE-34-FD-A6-24,1AFE34FDA624,18-FE-34-FD-A6-24,18FE34FDA624
1A-FE-34-12-0E-5C,1AFE34120E5C,18-FE-34-12-0E-5C,18FE34120E5C
1A-FE-34-FD-A5-AF,1AFE34FDA5AF,18-FE-34-FD-A5-AF,18FE34FDA5AF
1A-FE-34-FD-A6-AB,1AFE34FDA6AB,18-FE-34-FD-A6-AB,18FE34FDA6AB
1A-FE-34-12-0D-23,1AFE34120D23,18-FE-34-12-0D-23,18FE34120D23
1A-FE-34-12-0E-03,1AFE34120E03,18-FE-34-12-0E-03,18FE34120E03
1A-FE-34-D1-EB-EA,1AFE34D1EBEA,18-FE-34-D1-EB-EA,18FE34D1EBEA
1A-FE-34-D1-EC-2A,1AFE34D1EC2A,18-FE-34-D1-EC-2A,18FE34D1EC2A
1A-FE-34-D1-EB-AF,1AFE34D1EBAF,18-FE-34-D1-EB-AF,18FE34D1EBAF
1A-FE-34-D1-EA-98,1AFE34D1EA98,18-FE-34-D1-EA-98,18FE34D1EA98
1A-FE-34-D1-EA-90,1AFE34D1EA90,18-FE-34-D1-EA-90,18FE34D1EA90
1A-FE-34-D1-EC-B4,1AFE34D1ECB4,18-FE-34-D1-EC-B4,18FE34D1ECB4
1A-FE-34-D1-EB-51,1AFE34D1EB51,18-FE-34-D1-EB-51,18FE34D1EB51
1A-FE-34-D1-EB-51,1AFE34D1EB51,18-FE-34-D1-EB-51,18FE34D1EB51
